<?xml version="1.0" encoding="UTF-8"?>
<metadata modelVersion="1.1.0">
  <groupId>net.kieker-monitoring</groupId>
  <artifactId>kieker</artifactId>
  <version>2.0.0-SNAPSHOT</version>
  <versioning>
    <snapshot>
      <localCopy>true</localCopy>
    </snapshot>
    <lastUpdated>20220815143606</lastUpdated>
    <snapshotVersions>
      <snapshotVersion>
        <classifier>aspectj</classifier>
        <extension>jar</extension>
        <value>2.0.0-SNAPSHOT</value>
        <updated>20220815143606</updated>
      </snapshotVersion>
      <snapshotVersion>
        <classifier>sources</classifier>
        <extension>jar</extension>
        <value>2.0.0-SNAPSHOT</value>
        <updated>20220815143606</updated>
      </snapshotVersion>
      <snapshotVersion>
        <classifier>javadoc</classifier>
        <extension>jar</extension>
        <value>2.0.0-SNAPSHOT</value>
        <updated>20220815143606</updated>
      </snapshotVersion>
      <snapshotVersion>
        <extension>jar</extension>
        <value>2.0.0-SNAPSHOT</value>
        <updated>20220815143606</updated>
      </snapshotVersion>
      <snapshotVersion>
        <extension>pom</extension>
        <value>2.0.0-SNAPSHOT</value>
        <updated>20220815143606</updated>
      </snapshotVersion>
      <snapshotVersion>
        <classifier>emf</classifier>
        <extension>jar</extension>
        <value>2.0.0-SNAPSHOT</value>
        <updated>20220815143606</updated>
      </snapshotVersion>
    </snapshotVersions>
  </versioning>
</metadata>
